battery,temp_c,soc_label_v,current_a,pulse_index,v_pre_v,v_min_v,v_0p05_v,v_0p10_v,r0_ohm_pack,rdc_ohm_pack,r1_ohm_pack,soc_est
202502130047,10.0,30,30,1,28.71000,22.61000,25.48404,24.53111,0.123414,0.203333,0.079919,0.053462
202502130047,10.0,30,30,2,30.51000,23.29000,27.93532,25.43957,0.127418,0.240667,0.113248,0.468571
202502130047,10.0,30,30,3,30.35000,23.73000,27.78571,25.85714,0.117619,0.220667,0.103048,0.437500
202502130047,10.0,30,20,1,29.36000,26.00000,27.55355,26.93000,0.105911,0.168000,0.062089,0.163000
202502130047,10.0,30,20,2,27.86000,26.08000,27.04378,26.90239,0.044346,0.089000,0.044654,0.031400
202502130047,10.0,30,20,3,28.22000,26.17000,27.14361,26.97967,0.057918,0.102500,0.044582,0.039091
202502130047,10.0,30,10,1,30.21000,28.13000,29.00032,28.57255,0.142356,0.208000,0.065644,0.407500
202502130047,10.0,30,10,2,30.06000,28.12000,28.77958,28.53548,0.140247,0.194000,0.053753,0.371250
202502130047,10.0,30,10,3,29.11000,28.11000,28.57609,28.48609,0.057891,0.100000,0.042109,0.097500
202502130047,10.0,32,30,1,31.24000,23.52000,27.36903,25.72043,0.156509,0.257333,0.100824,0.591429
202502130047,10.0,32,30,2,31.86000,23.97000,28.39968,26.42854,0.148196,0.263000,0.114804,0.658750
202502130047,10.0,32,30,3,30.91000,24.48000,27.70417,26.40083,0.128583,0.214333,0.085750,0.538333
202502130047,10.0,32,20,1,29.95000,26.81000,28.46562,27.91400,0.088009,0.157000,0.068991,0.342500
202502130047,10.0,32,20,2,29.33000,26.92000,28.12813,27.92871,0.065079,0.120500,0.055421,0.157000
202502130047,10.0,32,20,3,31.10000,27.03000,28.72130,28.07625,0.135061,0.203500,0.068439,0.568571
202502130047,10.0,32,10,1,30.09000,29.12000,29.65478,29.57472,0.047525,0.097000,0.049475,0.378000
202502130047,10.0,32,10,2,30.04000,29.10000,29.62333,29.54489,0.045589,0.094000,0.048411,0.367000
202502130047,10.0,32,10,3,29.90000,29.09000,29.59391,29.52467,0.034071,0.081000,0.046929,0.330000
202502130047,10.0,35,30,1,27.26000,25.48000,27.13850,27.01701,0.006075,0.059333,0.053259,0.021471
202502130047,10.0,35,30,2,27.83000,26.03000,27.72189,27.61378,0.005405,0.060000,0.054595,0.030800
202502130047,10.0,35,30,3,28.28000,26.57000,28.18741,28.09481,0.004630,0.057000,0.052370,0.040526
202502130047,10.0,35,20,1,29.99000,28.96000,29.94045,29.89090,0.003716,0.051500,0.047784,0.355000
202502130047,10.0,35,20,2,30.05000,29.06000,29.99907,29.94815,0.003819,0.049500,0.045681,0.369000
202502130047,10.0,35,20,3,30.09000,29.14000,30.04909,30.00818,0.003068,0.047500,0.044432,0.378000
202502130047,10.0,35,10,1,31.68000,31.22000,31.65706,31.63413,0.003440,0.046000,0.042560,0.641667
202502130047,10.0,35,10,2,31.64000,31.17000,31.61727,31.59455,0.003409,0.047000,0.043591,0.638571
202502130047,10.0,35,10,3,31.60000,31.15000,31.58148,31.56296,0.002778,0.045000,0.042222,0.635714
202502130047,20.0,30,30,1,30.15000,24.35000,27.57885,25.93951,0.113027,0.193333,0.080306,0.392500
202502130047,20.0,30,30,2,28.62000,24.58000,26.41422,25.84213,0.083061,0.134667,0.051606,0.050000
202502130047,20.0,30,30,3,29.47000,24.88000,27.15167,26.15913,0.093820,0.153000,0.059180,0.191667
202502130047,20.0,30,20,1,29.99000,26.71000,28.06304,27.45776,0.111480,0.164000,0.052520,0.355000
202502130047,20.0,30,20,2,29.21000,26.78000,27.71702,27.46106,0.081048,0.121500,0.040452,0.130000
202502130047,20.0,30,20,3,28.80000,26.83000,27.64851,27.47500,0.061912,0.098500,0.036588,0.057273
202502130047,20.0,30,10,1,29.16000,28.41000,28.81574,28.70609,0.039909,0.075000,0.035091,0.112500
202502130047,20.0,30,10,2,29.64000,28.41000,28.92689,28.72021,0.081645,0.123000,0.041355,0.247500
202502130047,20.0,30,10,3,29.74000,28.39000,28.97016,28.70833,0.090075,0.135000,0.044925,0.282500
202502130047,20.0,32,30,1,30.18000,24.93000,27.21064,26.53404,0.110255,0.175000,0.064745,0.400000
202502130047,20.0,32,30,2,30.37000,25.22000,27.57304,26.73867,0.107138,0.171667,0.064529,0.441667
202502130047,20.0,32,30,3,30.45000,25.49000,27.82085,26.92298,0.102603,0.165333,0.062730,0.457500
202502130047,20.0,32,20,1,30.47000,27.47000,28.82246,28.28574,0.095795,0.150000,0.054205,0.462000
202502130047,20.0,32,20,2,31.18000,27.50000,29.21968,28.38723,0.118827,0.184000,0.065173,0.581667
202502130047,20.0,32,20,3,30.60000,27.55000,28.72217,28.31347,0.104109,0.152500,0.048391,0.486000
202502130047,20.0,32,10,1,30.19000,29.30000,29.70417,29.63625,0.051979,0.089000,0.037021,0.402500
202502130047,20.0,32,10,2,30.64000,29.29000,29.75000,29.63617,0.094691,0.135000,0.040309,0.493333
202502130047,20.0,32,10,3,29.99000,29.25000,29.70212,29.58682,0.034553,0.074000,0.039447,0.355000
202502130047,20.0,35,30,1,29.50000,28.23000,29.43182,29.36364,0.003409,0.042333,0.038924,0.200000
202502130047,20.0,35,30,2,29.88000,28.56000,29.80593,29.73185,0.003704,0.044000,0.040296,0.322500
202502130047,20.0,35,30,3,30.15000,28.90000,30.09091,30.03182,0.002955,0.041667,0.038712,0.392500
202502130047,20.0,35,20,1,31.55000,30.79000,31.51396,31.47793,0.002703,0.038000,0.035297,0.631000
202502130047,20.0,35,20,2,31.58000,30.84000,31.54729,31.51458,0.002453,0.037000,0.034547,0.634000
202502130047,20.0,35,20,3,31.60000,30.88000,31.56759,31.53519,0.002431,0.036000,0.033569,0.635714
202502130047,20.0,35,10,1,32.86000,32.52000,32.85074,32.84148,0.001389,0.034000,0.032611,0.782500
202502130047,20.0,35,10,2,32.83000,32.49000,32.81611,32.80222,0.002083,0.034000,0.031917,0.779000
202502130047,20.0,35,10,3,32.79000,32.46000,32.78091,32.77182,0.001364,0.033000,0.031636,0.775000
202502130047,30.0,30,30,1,29.79000,25.54000,27.78304,26.62754,0.086157,0.141667,0.055510,0.296667
202502130047,30.0,30,30,2,29.24000,25.67000,27.36313,26.64830,0.074476,0.119000,0.044524,0.137500
202502130047,30.0,30,30,3,29.25000,25.82000,27.50190,26.85111,0.069116,0.114333,0.045217,0.140000
202502130047,30.0,30,20,1,29.53000,27.27000,28.24667,27.85957,0.073844,0.113000,0.039156,0.210000
202502130047,30.0,30,20,2,29.73000,27.28000,28.34739,27.87234,0.081007,0.122500,0.041493,0.280000
202502130047,30.0,30,20,3,28.32000,27.32000,27.90694,27.85814,0.021873,0.050000,0.028127,0.041579
202502130047,30.0,30,10,1,29.66000,28.54000,28.89449,28.80818,0.080866,0.112000,0.031134,0.255000
202502130047,30.0,30,10,2,29.14000,28.53000,28.81760,28.77932,0.034154,0.061000,0.026846,0.107500
202502130047,30.0,30,10,3,29.25000,28.51000,28.81687,28.76891,0.045711,0.074000,0.028289,0.140000
202502130047,30.0,32,30,1,31.72000,28.11000,30.03128,29.15048,0.070971,0.120333,0.049363,0.645000
202502130047,30.0,32,30,2,30.55000,28.11000,29.24333,29.07667,0.046333,0.081333,0.035000,0.476667
202502130047,30.0,32,30,3,31.83000,28.10000,30.35762,29.31794,0.066407,0.124333,0.057926,0.655000
202502130047,30.0,32,20,1,31.59000,29.30000,30.36778,29.93437,0.071946,0.114500,0.042554,0.635000
202502130047,30.0,32,20,2,31.71000,29.25000,30.44016,29.90532,0.076863,0.123000,0.046137,0.644167
202502130047,30.0,32,20,3,30.91000,29.20000,29.89870,29.77619,0.053628,0.085500,0.031872,0.538333
202502130047,30.0,32,10,1,31.56000,30.31000,30.72059,30.60932,0.089505,0.125000,0.035495,0.632000
202502130047,30.0,32,10,2,31.49000,30.25000,30.72417,30.54755,0.085414,0.124000,0.038586,0.625000
202502130047,30.0,32,10,3,31.01000,30.21000,30.52677,30.48645,0.050339,0.080000,0.029661,0.555000
202502130047,30.0,35,30,1,30.59000,29.53000,30.54946,30.50892,0.002027,0.035333,0.033306,0.484000
202502130047,30.0,35,30,2,30.66000,29.63000,30.62396,30.58793,0.001802,0.034333,0.032532,0.496667
202502130047,30.0,35,30,3,30.75000,29.73000,30.71759,30.68519,0.001620,0.034000,0.032380,0.511667
202502130047,30.0,35,20,1,31.74000,31.11000,31.72611,31.71222,0.001042,0.031500,0.030458,0.646667
202502130047,30.0,35,20,2,31.72000,31.10000,31.70131,31.68262,0.001402,0.031000,0.029598,0.645000
202502130047,30.0,35,20,3,31.69000,31.08000,31.67182,31.65364,0.001364,0.030500,0.029136,0.642500
202502130047,30.0,35,10,1,32.61000,32.30000,32.60091,32.59182,0.001364,0.031000,0.029636,0.753000
202502130047,30.0,35,10,2,32.57000,32.27000,32.56099,32.55198,0.001351,0.030000,0.028649,0.748750
202502130047,30.0,35,10,3,32.54000,32.23000,32.53083,32.52165,0.001376,0.031000,0.029624,0.745000
202502130047,40.0,30,30,1,28.91000,26.19000,27.44400,27.09271,0.054722,0.090667,0.035945,0.063571
202502130047,40.0,30,30,2,28.92000,26.18000,27.46426,27.10362,0.054535,0.091333,0.036798,0.064286
202502130047,40.0,30,30,3,29.58000,26.23000,28.23000,27.36000,0.059500,0.111667,0.052167,0.227500
202502130047,40.0,30,20,1,29.30000,27.37000,28.16957,27.93625,0.062355,0.096500,0.034145,0.150000
202502130047,40.0,30,20,2,28.88000,27.37000,28.01000,27.89739,0.046315,0.075500,0.029185,0.061429
202502130047,40.0,30,20,3,29.35000,27.37000,28.27426,27.91574,0.062750,0.099000,0.036250,0.161000
202502130047,40.0,30,10,1,28.97000,28.38000,28.64745,28.61000,0.034128,0.059000,0.024872,0.069000
202502130047,40.0,30,10,2,28.72000,28.38000,28.61872,28.60000,0.011064,0.034000,0.022936,0.053846
202502130047,40.0,30,10,3,29.38000,28.37000,28.79803,28.62224,0.066986,0.101000,0.034014,0.167500
202502130047,40.0,32,30,1,31.13000,27.99000,29.65419,28.93652,0.061155,0.104667,0.043512,0.573333
202502130047,40.0,32,30,2,30.21000,27.97000,28.98957,28.76404,0.044440,0.074667,0.030227,0.407500
202502130047,40.0,32,30,3,30.74000,27.98000,29.39062,28.79365,0.054929,0.092000,0.037071,0.510000
202502130047,40.0,32,20,1,30.50000,29.04000,29.62043,29.51660,0.046574,0.073000,0.026426,0.467143
202502130047,40.0,32,20,2,30.66000,29.00000,29.63583,29.47733,0.055171,0.083000,0.027829,0.496667
202502130047,40.0,32,20,3,30.90000,28.98000,29.76894,29.45719,0.064347,0.096000,0.031653,0.536667
202502130047,40.0,32,10,1,30.98000,29.94000,30.34667,30.17000,0.072167,0.104000,0.031833,0.550000
202502130047,40.0,32,10,2,30.90000,29.91000,30.32969,30.13936,0.066548,0.099000,0.032452,0.536667
202502130047,40.0,32,10,3,30.73000,29.90000,30.24639,30.12304,0.054528,0.083000,0.028472,0.508333
202502130047,40.0,35,30,1,32.37000,31.57000,32.34727,32.32455,0.001136,0.026667,0.025530,0.725000
202502130047,40.0,35,30,2,32.36000,31.58000,32.33727,32.31455,0.001136,0.026000,0.024864,0.724000
202502130047,40.0,35,30,3,32.37000,31.58000,32.34706,32.32413,0.001147,0.026333,0.025187,0.725000
202502130047,40.0,35,20,1,33.09000,32.60000,33.07585,33.06170,0.001061,0.024500,0.023439,0.809000
202502130047,40.0,35,20,2,33.04000,32.55000,33.03057,33.02113,0.000708,0.024500,0.023792,0.803750
202502130047,40.0,35,20,3,33.00000,32.50000,32.98611,32.97222,0.001042,0.025000,0.023958,0.798750
202502130047,40.0,35,10,1,33.66000,33.42000,33.65541,33.65083,0.000688,0.024000,0.023312,0.875000
202502130047,40.0,35,10,2,33.63000,33.38000,33.62537,33.62074,0.000694,0.025000,0.024306,0.872000
202502130047,40.0,35,10,3,33.59000,33.35000,33.59000,33.59000,0.000000,0.024000,0.024000,0.867500
202502130054,10.0,30,30,1,29.79000,23.46000,26.15809,24.70426,0.145294,0.211000,0.065706,0.296667
202502130054,10.0,30,30,2,27.82000,23.94000,25.73935,25.04174,0.080982,0.129333,0.048352,0.030600
202502130054,10.0,30,30,3,29.48000,24.34000,26.68113,25.59242,0.111441,0.171333,0.059892,0.195000
202502130054,10.0,30,20,1,30.09000,26.29000,27.65913,27.00167,0.137980,0.190000,0.052020,0.378000
202502130054,10.0,30,20,2,28.53000,26.38000,27.17625,27.00304,0.072018,0.107500,0.035482,0.047353
202502130054,10.0,30,20,3,29.31000,26.48000,27.42333,27.14556,0.101278,0.141500,0.040222,0.152500
202502130054,10.0,30,10,1,30.42000,28.28000,28.99522,28.63125,0.160677,0.214000,0.053323,0.451667
202502130054,10.0,30,10,2,29.76000,28.27000,28.70311,28.58836,0.111426,0.149000,0.037574,0.288333
202502130054,10.0,30,10,3,29.20000,28.25000,28.62702,28.55754,0.060772,0.095000,0.034228,0.126667
202502130054,10.0,32,30,1,31.90000,25.73000,29.42717,27.31145,0.117690,0.205667,0.087977,0.663000
202502130054,10.0,32,30,2,29.35000,25.89000,28.07826,26.99982,0.060365,0.115333,0.054968,0.161000
202502130054,10.0,32,30,3,31.60000,26.06000,29.44896,27.45436,0.104945,0.184667,0.079722,0.635714
202502130054,10.0,32,20,1,31.11000,27.79000,29.72579,28.47500,0.100480,0.166000,0.065520,0.570000
202502130054,10.0,32,20,2,28.53000,27.81000,28.45391,28.38712,0.005474,0.036000,0.030526,0.047353
202502130054,10.0,32,20,3,30.44000,27.84000,29.36935,28.46418,0.076162,0.130000,0.053838,0.455000
202502130054,10.0,32,10,1,29.79000,29.45000,29.76685,29.74370,0.003472,0.034000,0.030528,0.296667
202502130054,10.0,32,10,2,31.34000,29.43000,30.60606,29.87211,0.110092,0.191000,0.080908,0.606429
202502130054,10.0,32,10,3,30.21000,29.40000,29.94711,29.69917,0.038686,0.081000,0.042314,0.407500
202502130054,10.0,35,30,1,28.48000,27.23000,28.40273,28.32545,0.003864,0.041667,0.037803,0.045882
202502130054,10.0,35,30,2,28.86000,27.62000,28.79182,28.72364,0.003409,0.041333,0.037924,0.060000
202502130054,10.0,35,30,3,29.17000,28.01000,29.11037,29.05073,0.002982,0.038667,0.035685,0.115000
202502130054,10.0,35,20,1,30.65000,29.94000,30.61789,30.58578,0.002408,0.035500,0.033092,0.495000
202502130054,10.0,35,20,2,30.69000,29.98000,30.65818,30.62636,0.002386,0.035500,0.033114,0.501667
202502130054,10.0,35,20,3,30.72000,30.03000,30.69273,30.66545,0.002045,0.034500,0.032455,0.506667
202502130054,10.0,35,10,1,32.09000,31.75000,32.08083,32.07165,0.001376,0.034000,0.032624,0.691250
202502130054,10.0,35,10,2,32.06000,31.71000,32.05065,32.04131,0.001402,0.035000,0.033598,0.687143
202502130054,10.0,35,10,3,32.03000,31.68000,32.02074,32.01148,0.001389,0.035000,0.033611,0.682500
202502130054,20.0,30,30,1,29.96000,25.50000,27.62213,26.52377,0.096235,0.148667,0.052432,0.345000
202502130054,20.0,30,30,2,30.19000,25.68000,28.16619,26.74864,0.091086,0.150333,0.059247,0.402500
202502130054,20.0,30,30,3,29.84000,25.88000,27.67667,26.74688,0.087608,0.132000,0.044392,0.311667
202502130054,20.0,30,20,1,29.98000,27.31000,28.28750,27.83933,0.095829,0.133500,0.037671,0.350000
202502130054,20.0,30,20,2,29.91000,27.34000,28.25417,27.85429,0.092789,0.128500,0.035711,0.332500
202502130054,20.0,30,20,3,28.72000,27.37000,28.03148,27.84609,0.039061,0.067500,0.028439,0.053846
202502130054,20.0,30,10,1,29.62000,28.70000,28.98787,28.93921,0.065646,0.092000,0.026354,0.240000
202502130054,20.0,30,10,2,30.01000,28.69000,29.05790,28.95306,0.100452,0.132000,0.031548,0.358333
202502130054,20.0,30,10,3,29.06000,28.69000,28.92938,28.91891,0.013586,0.037000,0.023414,0.085000
202502130054,20.0,32,30,1,29.83000,25.13000,27.02936,26.25104,0.106327,0.156667,0.050340,0.308333
202502130054,20.0,32,30,2,28.71000,25.49000,26.73905,26.47714,0.070063,0.107333,0.037270,0.053462
202502130054,20.0,32,30,3,30.89000,25.83000,28.40087,26.94267,0.107274,0.168667,0.061392,0.535000
202502130054,20.0,32,20,1,30.63000,27.52000,28.49710,28.17452,0.114710,0.155500,0.040790,0.491667
202502130054,20.0,32,20,2,30.69000,27.59000,28.67378,28.18630,0.112998,0.155000,0.042002,0.501667
202502130054,20.0,32,20,3,30.66000,27.63000,28.72739,28.22067,0.109299,0.151500,0.042201,0.496667
202502130054,20.0,32,10,1,30.18000,29.18000,29.50903,29.46065,0.069516,0.100000,0.030484,0.400000
202502130054,20.0,32,10,2,30.56000,29.17000,29.55234,29.43872,0.106447,0.139000,0.032553,0.478333
202502130054,20.0,32,10,3,30.74000,29.16000,29.57333,29.42844,0.123911,0.158000,0.034089,0.510000
202502130054,20.0,35,30,1,30.54000,29.66000,30.49455,30.44909,0.002273,0.029333,0.027061,0.475000
202502130054,20.0,35,30,2,30.74000,29.86000,30.69794,30.65589,0.002103,0.029333,0.027231,0.510000
202502130054,20.0,35,30,3,30.94000,30.07000,30.90396,30.86793,0.001802,0.029000,0.027198,0.543333
202502130054,20.0,35,20,1,32.14000,31.58000,32.12165,32.10330,0.001376,0.028000,0.026624,0.697500
202502130054,20.0,35,20,2,32.15000,31.59000,32.13165,32.11330,0.001376,0.028000,0.026624,0.698750
202502130054,20.0,35,20,3,32.14000,31.58000,32.12198,32.10396,0.001351,0.028000,0.026649,0.697500
202502130054,20.0,35,10,1,33.21000,32.92000,33.20083,33.19165,0.001376,0.029000,0.027624,0.823000
202502130054,20.0,35,10,2,33.17000,32.89000,33.16554,33.16107,0.000670,0.028000,0.027330,0.818750
202502130054,20.0,35,10,3,33.14000,32.86000,33.13545,33.13091,0.000682,0.028000,0.027318,0.815000
202502130054,30.0,30,30,1,28.98000,26.44000,27.42149,27.14375,0.056579,0.084667,0.028087,0.070000
202502130054,30.0,30,30,2,29.00000,26.53000,27.52210,27.22371,0.054237,0.082333,0.028097,0.073333
202502130054,30.0,30,30,3,29.65000,26.63000,28.08443,27.35000,0.064426,0.100667,0.036240,0.250000
202502130054,30.0,30,20,1,29.54000,27.75000,28.38660,28.18660,0.062670,0.089500,0.026830,0.215000
202502130054,30.0,30,20,2,28.76000,27.76000,28.21565,28.16830,0.028401,0.050000,0.021599,0.055455
202502130054,30.0,30,20,3,28.76000,27.77000,28.30839,28.17574,0.025897,0.049500,0.023603,0.055455
202502130054,30.0,30,10,1,29.27000,28.78000,29.05226,28.99191,0.024791,0.049000,0.024209,0.145000
202502130054,30.0,30,10,2,29.73000,28.77000,29.05404,28.98860,0.070868,0.096000,0.025132,0.280000
202502130054,30.0,30,10,3,29.79000,28.75000,29.06043,28.95873,0.078042,0.104000,0.025958,0.296667
202502130054,30.0,32,30,1,31.81000,28.50000,30.28128,29.40596,0.065546,0.110333,0.044787,0.653000
202502130054,30.0,32,30,2,30.40000,28.48000,29.38125,29.24672,0.036200,0.064000,0.027800,0.447500
202502130054,30.0,32,30,3,30.40000,28.46000,29.34200,29.20867,0.037489,0.064667,0.027178,0.447500
202502130054,30.0,32,20,1,30.70000,29.46000,30.00478,29.94750,0.036193,0.062000,0.025807,0.503333
202502130054,30.0,32,20,2,30.45000,29.44000,29.96758,29.92726,0.025129,0.050500,0.025371,0.457500
202502130054,30.0,32,20,3,31.23000,29.39000,30.08800,29.88800,0.062100,0.092000,0.029900,0.590000
202502130054,30.0,32,10,1,30.91000,30.33000,30.58872,30.55918,0.033605,0.058000,0.024395,0.538333
202502130054,30.0,32,10,2,31.37000,30.29000,30.65371,30.54887,0.076871,0.108000,0.031129,0.610714
202502130054,30.0,32,10,3,30.59000,30.26000,30.49952,30.49145,0.009452,0.033000,0.023548,0.484000
202502130054,30.0,35,30,1,31.14000,30.28000,31.11222,31.08444,0.001389,0.028667,0.027278,0.575000
202502130054,30.0,35,30,2,31.17000,30.33000,31.14685,31.12370,0.001157,0.028000,0.026843,0.580000
202502130054,30.0,35,30,3,31.22000,30.40000,31.19685,31.17370,0.001157,0.027333,0.026176,0.588333
202502130054,30.0,35,20,1,32.09000,31.55000,32.07585,32.06170,0.001061,0.027000,0.025939,0.691250
202502130054,30.0,35,20,2,32.05000,31.51000,32.03624,32.02248,0.001032,0.027000,0.025968,0.685714
202502130054,30.0,35,20,3,32.01000,31.47000,31.99611,31.98222,0.001042,0.027000,0.025958,0.679000
202502130054,30.0,35,10,1,32.79000,32.52000,32.78537,32.78074,0.000694,0.027000,0.026306,0.775000
202502130054,30.0,35,10,2,32.76000,32.48000,32.75537,32.75074,0.000694,0.028000,0.027306,0.770714
202502130054,30.0,35,10,3,32.72000,32.45000,32.71537,32.71074,0.000694,0.027000,0.026306,0.766111
202502130054,40.0,30,30,1,29.27000,27.05000,28.06196,27.69597,0.046368,0.074000,0.027632,0.145000
202502130054,40.0,30,30,2,29.73000,27.04000,28.64204,27.76340,0.050909,0.089667,0.038757,0.280000
202502130054,40.0,30,30,3,28.80000,27.04000,27.91475,27.65362,0.033860,0.058667,0.024806,0.057273
202502130054,40.0,30,20,1,28.96000,27.86000,28.30609,28.24889,0.034126,0.055000,0.020874,0.068000
202502130054,40.0,30,20,2,29.17000,27.84000,28.44419,28.23042,0.041635,0.066500,0.024865,0.115000
202502130054,40.0,30,20,3,28.61000,27.83000,28.22937,28.19762,0.019825,0.039000,0.019175,0.049706
202502130054,40.0,30,10,1,29.03000,28.61000,28.81830,28.79851,0.022160,0.042000,0.019840,0.078333
202502130054,40.0,30,10,2,28.92000,28.60000,28.78872,28.77000,0.014064,0.032000,0.017936,0.064286
202502130054,40.0,30,10,3,29.42000,28.59000,28.87556,28.77851,0.059297,0.083000,0.023703,0.177500
202502130054,40.0,32,30,1,31.31000,29.15000,30.27032,29.87935,0.041172,0.072000,0.030828,0.601667
202502130054,40.0,32,30,2,30.47000,29.06000,29.78222,29.71348,0.024072,0.047000,0.022928,0.462000
202502130054,40.0,32,30,3,31.16000,29.00000,30.11826,29.66979,0.042199,0.072000,0.029801,0.578333
202502130054,40.0,32,20,1,31.40000,29.73000,30.52903,30.18255,0.052210,0.083500,0.031290,0.615000
202502130054,40.0,32,20,2,31.27000,29.68000,30.40934,30.10130,0.050734,0.079500,0.028766,0.595714
202502130054,40.0,32,20,3,30.80000,29.63000,30.10234,30.01851,0.036979,0.058500,0.021521,0.520000
202502130054,40.0,32,10,1,30.65000,30.36000,30.55936,30.55000,0.009532,0.029000,0.019468,0.495000
202502130054,40.0,32,10,2,30.60000,30.33000,30.52873,30.51286,0.007921,0.027000,0.019079,0.486000
202502130054,40.0,32,10,3,30.54000,30.30000,30.49913,30.48867,0.004610,0.024000,0.019390,0.475000
202502130054,40.0,35,30,1,32.93000,32.29000,32.91611,32.90222,0.000694,0.021333,0.020639,0.790000
202502130054,40.0,35,30,2,32.87000,32.24000,32.85636,32.84273,0.000682,0.021000,0.020318,0.783750
202502130054,40.0,35,30,3,32.85000,32.20000,32.83148,32.81296,0.000926,0.021667,0.020741,0.781250
202502130054,40.0,35,20,1,33.43000,33.01000,33.41636,33.40273,0.001023,0.021000,0.019977,0.848333
202502130054,40.0,35,20,2,33.37000,32.94000,33.35611,33.34222,0.001042,0.021500,0.020458,0.841667
202502130054,40.0,35,20,3,33.33000,32.90000,33.31636,33.30273,0.001023,0.021500,0.020477,0.837222
202502130054,40.0,35,10,1,33.86000,33.63000,33.85537,33.85074,0.000694,0.023000,0.022306,0.898750
202502130054,40.0,35,10,2,33.83000,33.60000,33.82083,33.81165,0.001376,0.023000,0.021624,0.895000
202502130054,40.0,35,10,3,33.78000,33.56000,33.77541,33.77083,0.000688,0.022000,0.021312,0.890000
45089,10.0,30,30,1,28.81000,25.10000,26.49417,26.08826,0.083960,0.123667,0.039707,0.057727
45089,10.0,30,30,2,29.87000,25.31000,27.38478,26.36913,0.099768,0.152000,0.052232,0.320000
45089,10.0,30,30,3,30.48000,25.54000,28.33000,26.69661,0.098890,0.164667,0.065777,0.464000
45089,10.0,30,20,1,29.61000,27.16000,27.96349,27.75714,0.087484,0.122500,0.035016,0.237500
45089,10.0,30,20,2,29.31000,27.19000,27.93333,27.74489,0.073544,0.106000,0.032456,0.152500
45089,10.0,30,20,3,29.77000,27.21000,28.07277,27.77426,0.092324,0.128000,0.035676,0.291250
45089,10.0,30,10,1,29.33000,28.74000,29.02936,28.99909,0.031577,0.059000,0.027423,0.157000
45089,10.0,30,10,2,29.96000,28.72000,29.08149,28.98667,0.092592,0.124000,0.031408,0.345000
45089,10.0,30,10,3,30.37000,28.70000,29.19452,29.00097,0.127226,0.167000,0.039774,0.441667
45089,10.0,32,30,1,30.93000,24.75000,27.72429,26.46238,0.127889,0.206000,0.078111,0.541667
45089,10.0,32,30,2,31.55000,25.07000,28.60362,26.62667,0.131162,0.216000,0.084838,0.631000
45089,10.0,32,30,3,31.06000,25.33000,28.21873,26.78933,0.118532,0.191000,0.072468,0.562857
45089,10.0,32,20,1,30.45000,27.29000,28.37774,28.05516,0.111677,0.158000,0.046323,0.457500
45089,10.0,32,20,2,29.10000,27.34000,28.13286,28.01381,0.051333,0.088000,0.036667,0.095000
45089,10.0,32,20,3,31.07000,27.40000,28.75813,28.12478,0.131427,0.183500,0.052073,0.564286
45089,10.0,32,10,1,31.31000,29.18000,29.82304,29.53344,0.163176,0.213000,0.049824,0.601667
45089,10.0,32,10,2,29.75000,29.16000,29.49804,29.46854,0.026671,0.059000,0.032329,0.285000
45089,10.0,32,10,3,29.76000,29.14000,29.48667,29.44500,0.029417,0.062000,0.032583,0.288333
45089,10.0,35,30,1,28.09000,26.72000,28.00284,27.91569,0.004358,0.045667,0.041309,0.036136
45089,10.0,35,30,2,28.56000,27.19000,28.48130,28.40259,0.003935,0.045667,0.041731,0.048235
45089,10.0,35,30,3,28.93000,27.65000,28.86056,28.79111,0.003472,0.042667,0.039194,0.065000
45089,10.0,35,20,1,30.44000,29.66000,30.40396,30.36793,0.002703,0.039000,0.036297,0.455000
45089,10.0,35,20,2,30.46000,29.70000,30.42262,30.38523,0.002804,0.038000,0.035196,0.460000
45089,10.0,35,20,3,30.49000,29.76000,30.45818,30.42636,0.002386,0.036500,0.034114,0.465714
45089,10.0,35,10,1,31.96000,31.59000,31.94624,31.93248,0.002064,0.037000,0.034936,0.671250
45089,10.0,35,10,2,31.92000,31.56000,31.90624,31.89248,0.002064,0.036000,0.033936,0.665000
45089,10.0,35,10,3,31.89000,31.52000,31.87611,31.86222,0.002083,0.037000,0.034917,0.662000
45089,20.0,30,30,1,30.46000,25.45000,28.48698,26.75683,0.094603,0.167000,0.072397,0.460000
45089,20.0,30,30,2,28.12000,25.64000,26.68660,26.48217,0.051187,0.082667,0.031479,0.036818
45089,20.0,30,30,3,29.19000,25.85000,27.17565,26.69857,0.075096,0.111333,0.036237,0.123333
45089,20.0,30,20,1,30.01000,27.34000,28.43742,27.89830,0.092107,0.133500,0.041393,0.358333
45089,20.0,30,20,2,29.49000,27.36000,28.05174,27.86600,0.076557,0.106500,0.029943,0.197500
45089,20.0,30,20,3,29.40000,27.38000,28.06733,27.88510,0.071189,0.101000,0.029811,0.172500
45089,20.0,30,10,1,29.62000,28.74000,29.03500,28.97872,0.061314,0.088000,0.026686,0.240000
45089,20.0,30,10,2,29.08000,28.73000,28.97830,28.95854,0.011158,0.035000,0.023842,0.089000
45089,20.0,30,10,3,29.29000,28.71000,28.97795,28.94813,0.032696,0.058000,0.025304,0.148333
45089,20.0,32,30,1,31.72000,26.64000,29.73639,28.03467,0.094482,0.169333,0.074851,0.645000
45089,20.0,32,30,2,31.00000,26.75000,28.80952,27.78778,0.090045,0.141667,0.051622,0.553333
45089,20.0,32,30,3,29.47000,26.87000,27.91596,27.70419,0.055331,0.086667,0.031336,0.191667
45089,20.0,32,20,1,30.72000,28.28000,29.28452,28.84298,0.082813,0.122000,0.039187,0.506667
45089,20.0,32,20,2,31.20000,28.27000,29.83022,28.89312,0.091916,0.146500,0.054584,0.585000
45089,20.0,32,20,3,29.29000,28.28000,28.82565,28.77833,0.024400,0.050500,0.026100,0.148333
45089,20.0,32,10,1,30.87000,29.62000,30.11194,29.88957,0.086925,0.125000,0.038075,0.531667
45089,20.0,32,10,2,30.05000,29.59000,29.86815,29.84508,0.019338,0.046000,0.026662,0.369000
45089,20.0,32,10,3,29.96000,29.56000,29.82959,29.81935,0.013553,0.040000,0.026447,0.345000
45089,20.0,35,30,1,30.38000,29.47000,30.33495,30.28991,0.002252,0.030333,0.028081,0.443333
45089,20.0,35,30,2,30.62000,29.69000,30.57413,30.52826,0.002294,0.031000,0.028706,0.490000
45089,20.0,35,30,3,30.83000,29.92000,30.78794,30.74589,0.002103,0.030333,0.028231,0.525000
45089,20.0,35,20,1,32.04000,31.46000,32.02148,32.00296,0.001389,0.029000,0.027611,0.684167
45089,20.0,35,20,2,32.05000,31.47000,32.03182,32.01364,0.001364,0.029000,0.027636,0.685714
45089,20.0,35,20,3,32.04000,31.46000,32.02182,32.00364,0.001364,0.029000,0.027636,0.684167
45089,20.0,35,10,1,33.13000,32.84000,33.12533,33.12065,0.000701,0.029000,0.028299,0.813750
45089,20.0,35,10,2,33.10000,32.81000,33.09083,33.08165,0.001376,0.029000,0.027624,0.810000
45089,20.0,35,10,3,33.07000,32.77000,33.06099,33.05198,0.001351,0.030000,0.028649,0.807000
45089,30.0,30,30,1,29.56000,26.47000,27.89625,27.23262,0.066519,0.103000,0.036481,0.220000
45089,30.0,30,30,2,29.33000,26.54000,27.69830,27.24143,0.062005,0.093000,0.030995,0.157000
45089,30.0,30,30,3,29.86000,26.65000,28.33541,27.48265,0.065032,0.107000,0.041968,0.317500
45089,30.0,30,20,1,29.76000,27.78000,28.48826,28.22705,0.070117,0.099000,0.028883,0.288333
45089,30.0,30,20,2,29.81000,27.80000,28.51840,28.23875,0.071571,0.100500,0.028929,0.302500
45089,30.0,30,20,3,29.85000,27.81000,28.68650,28.29483,0.067967,0.102000,0.034033,0.315000
45089,30.0,30,10,1,29.50000,28.81000,29.04905,29.02524,0.046286,0.069000,0.022714,0.200000
45089,30.0,30,10,2,29.51000,28.80000,29.04755,29.00913,0.048166,0.071000,0.022834,0.205000
45089,30.0,30,10,3,29.80000,28.79000,29.17500,29.00833,0.070833,0.101000,0.030167,0.300000
45089,30.0,32,30,1,31.95000,28.94000,30.49500,29.86694,0.058968,0.100333,0.041366,0.670000
45089,30.0,32,30,2,30.79000,28.85000,29.77617,29.65613,0.035795,0.064667,0.028872,0.518333
45089,30.0,32,30,3,30.96000,28.84000,29.97587,29.64600,0.038302,0.070667,0.032365,0.546667
45089,30.0,32,20,1,31.86000,29.76000,30.80355,30.32362,0.064821,0.105000,0.040179,0.658750
45089,30.0,32,20,2,31.60000,29.71000,30.47125,30.23687,0.062297,0.094500,0.032203,0.635714
45089,30.0,32,20,3,31.19000,29.66000,30.37033,30.12933,0.047008,0.076500,0.029492,0.583333
45089,30.0,32,10,1,31.48000,30.59000,30.88613,30.83774,0.061806,0.089000,0.027194,0.624000
45089,30.0,32,10,2,31.63000,30.56000,31.00903,30.81778,0.071659,0.107000,0.035341,0.637857
45089,30.0,32,10,3,31.14000,30.55000,30.81816,30.78917,0.033634,0.059000,0.025366,0.575000
45089,30.0,35,30,1,31.12000,30.26000,31.09248,31.06495,0.001376,0.028667,0.027291,0.571667
45089,30.0,35,30,2,31.14000,30.30000,31.11727,31.09455,0.001136,0.028000,0.026864,0.575000
45089,30.0,35,30,3,31.19000,30.36000,31.16748,31.14495,0.001126,0.027667,0.026541,0.583333
45089,30.0,35,20,1,32.05000,31.50000,32.03624,32.02248,0.001032,0.027500,0.026468,0.685714
45089,30.0,35,20,2,32.01000,31.47000,31.99636,31.98273,0.001023,0.027000,0.025977,0.679000
45089,30.0,35,20,3,31.97000,31.43000,31.95598,31.94196,0.001051,0.027000,0.025949,0.672500
45089,30.0,35,10,1,32.75000,32.47000,32.74099,32.73198,0.001351,0.028000,0.026649,0.769444
45089,30.0,35,10,2,32.73000,32.45000,32.72537,32.72074,0.000694,0.028000,0.027306,0.767222
45089,30.0,35,10,3,32.69000,32.41000,32.68541,32.68083,0.000688,0.028000,0.027312,0.762500
45089,40.0,30,30,1,29.10000,27.05000,27.94375,27.69672,0.042659,0.068333,0.025675,0.095000
45089,40.0,30,30,2,29.07000,27.05000,27.91234,27.67500,0.042544,0.067333,0.024789,0.087000
45089,40.0,30,30,3,29.65000,27.06000,28.61891,27.76702,0.048568,0.086333,0.037766,0.250000
45089,40.0,30,20,1,29.08000,27.89000,28.46525,28.29533,0.034986,0.059500,0.024514,0.089000
45089,40.0,30,20,2,29.57000,27.88000,28.69292,28.29745,0.053741,0.084500,0.030759,0.225000
45089,40.0,30,20,3,29.38000,27.86000,28.49957,28.24571,0.050368,0.076000,0.025632,0.167500
45089,40.0,30,10,1,29.21000,28.63000,28.90531,28.81234,0.035117,0.058000,0.022883,0.130000
45089,40.0,30,10,2,29.42000,28.62000,28.95125,28.80468,0.054203,0.080000,0.025797,0.177500
45089,40.0,30,10,3,29.07000,28.61000,28.80687,28.77889,0.027712,0.046000,0.018288,0.087000
45089,40.0,32,30,1,31.67000,28.93000,30.48148,29.78761,0.051182,0.091333,0.040151,0.640833
45089,40.0,32,30,2,31.36000,28.85000,30.21714,29.61298,0.048165,0.083667,0.035502,0.609286
45089,40.0,32,30,3,30.48000,28.81000,29.66852,29.43191,0.030993,0.055667,0.024674,0.464000
45089,40.0,32,20,1,30.75000,29.59000,30.06184,29.98867,0.036237,0.058000,0.021763,0.511667
45089,40.0,32,20,2,30.19000,29.55000,29.95809,29.92872,0.012330,0.032000,0.019670,0.402500
45089,40.0,32,20,3,30.91000,29.51000,30.06304,29.90733,0.046241,0.070000,0.023759,0.538333
45089,40.0,32,10,1,31.13000,30.27000,30.54444,30.48889,0.061333,0.086000,0.024667,0.573333
45089,40.0,32,10,2,30.59000,30.24000,30.44958,30.44000,0.014521,0.035000,0.020479,0.484000
45089,40.0,32,10,3,31.08000,30.22000,30.56387,30.41522,0.059046,0.086000,0.026954,0.565714
45089,40.0,35,30,1,32.85000,32.20000,32.83165,32.81330,0.000917,0.021667,0.020749,0.781250
45089,40.0,35,30,2,32.80000,32.15000,32.78165,32.76330,0.000917,0.021667,0.020749,0.776000
45089,40.0,35,30,3,32.78000,32.12000,32.76611,32.75222,0.000694,0.022000,0.021306,0.773571
45089,40.0,35,20,1,33.39000,32.96000,33.38091,33.37182,0.000682,0.021500,0.020818,0.843889
45089,40.0,35,20,2,33.34000,32.91000,33.33074,33.32148,0.000694,0.021500,0.020806,0.838333
45089,40.0,35,20,3,33.29000,32.85000,33.27598,33.26196,0.001051,0.022000,0.020949,0.832500
45089,40.0,35,10,1,33.84000,33.62000,33.84000,33.84000,0.000000,0.022000,0.022000,0.896250
45089,40.0,35,10,2,33.81000,33.59000,33.80541,33.80083,0.000688,0.022000,0.021312,0.893000
45089,40.0,35,10,3,33.78000,33.55000,33.77537,33.77074,0.000694,0.023000,0.022306,0.890000
45092,10.0,30,30,1,29.74000,22.91000,26.11875,24.66525,0.144933,0.227667,0.082733,0.282500
45092,10.0,30,30,2,28.05000,23.39000,25.49065,25.02290,0.093108,0.155333,0.062226,0.035227
45092,10.0,30,30,3,29.26000,23.78000,26.40510,25.39455,0.112006,0.182667,0.070661,0.142500
45092,10.0,30,20,1,30.52000,26.01000,28.29000,27.06917,0.142021,0.225500,0.083479,0.470000
45092,10.0,30,20,2,30.20000,26.11000,27.86574,27.12803,0.135156,0.204500,0.069344,0.405000
45092,10.0,30,20,3,30.14000,26.21000,27.78872,27.11143,0.134496,0.196500,0.062004,0.390000
45092,10.0,30,10,1,29.52000,28.17000,28.69524,28.57619,0.088429,0.135000,0.046571,0.207500
45092,10.0,30,10,2,30.41000,28.15000,29.17154,28.63229,0.150808,0.226000,0.075192,0.450000
45092,10.0,30,10,3,30.25000,28.13000,28.87258,28.58226,0.152258,0.212000,0.059742,0.416000
45092,10.0,32,30,1,31.99000,23.22000,28.15729,25.57233,0.170840,0.292333,0.121494,0.675000
45092,10.0,32,30,2,31.30000,23.61000,27.81532,25.79935,0.149755,0.256333,0.106578,0.600000
45092,10.0,32,30,3,28.79000,24.16000,26.35000,25.88629,0.089062,0.154333,0.065272,0.056818
45092,10.0,32,20,1,30.91000,26.45000,28.24391,27.59300,0.149577,0.223000,0.073423,0.538333
45092,10.0,32,20,2,31.25000,26.53000,28.54250,27.66794,0.157239,0.236000,0.078761,0.592857
45092,10.0,32,20,3,31.34000,26.61000,28.94937,27.79200,0.148466,0.236500,0.088034,0.606429
45092,10.0,32,10,1,30.74000,28.81000,29.50820,29.31148,0.133016,0.193000,0.059984,0.510000
45092,10.0,32,10,2,31.07000,28.78000,29.57350,29.29850,0.163400,0.229000,0.065600,0.564286
45092,10.0,32,10,3,28.14000,28.09000,28.12911,28.12000,0.001544,0.005000,0.003456,0.037273
45092,10.0,35,30,1,27.18000,25.45000,27.06318,26.94636,0.005841,0.057667,0.051826,0.020294
45092,10.0,35,30,2,27.78000,26.03000,27.67091,27.56182,0.005455,0.058333,0.052879,0.029828
45092,10.0,35,30,3,28.24000,26.59000,28.14455,28.04909,0.004773,0.055000,0.050227,0.039545
45092,10.0,35,20,1,29.95000,28.91000,29.89860,29.84720,0.003855,0.052000,0.048145,0.342500
45092,10.0,35,20,2,30.02000,29.03000,29.97045,29.92090,0.003716,0.049500,0.045784,0.360000
45092,10.0,35,20,3,30.08000,29.12000,30.03000,29.98000,0.003750,0.048000,0.044250,0.376000
45092,10.0,35,10,1,31.67000,31.22000,31.65165,31.63330,0.002752,0.045000,0.042248,0.640833
45092,10.0,35,10,2,31.65000,31.19000,31.62685,31.60370,0.003472,0.046000,0.042528,0.639286
45092,10.0,35,10,3,31.61000,31.15000,31.59165,31.57330,0.002752,0.046000,0.043248,0.636429
45092,20.0,30,30,1,29.98000,24.70000,27.39304,26.02459,0.109039,0.176000,0.066961,0.350000
45092,20.0,30,30,2,28.90000,24.92000,26.85968,26.11391,0.080440,0.132667,0.052227,0.062857
45092,20.0,30,30,3,29.91000,25.20000,27.71500,26.42391,0.094685,0.157000,0.062315,0.332500
45092,20.0,30,20,1,28.99000,26.93000,27.72553,27.56435,0.067253,0.103000,0.035747,0.071667
45092,20.0,30,20,2,28.63000,26.95000,27.82841,27.56489,0.046667,0.084000,0.037333,0.050385
45092,20.0,30,20,3,28.45000,27.01000,27.69348,27.59541,0.040278,0.072000,0.031722,0.045000
45092,20.0,30,10,1,30.11000,28.54000,29.18143,28.85152,0.109352,0.157000,0.047648,0.383333
45092,20.0,30,10,2,29.31000,28.53000,28.87222,28.80508,0.047135,0.078000,0.030865,0.152500
45092,20.0,30,10,3,30.12000,28.52000,29.14459,28.82826,0.113357,0.160000,0.046643,0.386000
45092,20.0,32,30,1,31.36000,25.85000,28.77750,27.29064,0.110864,0.183667,0.072802,0.609286
45092,20.0,32,30,2,30.69000,25.98000,28.27000,27.28855,0.097024,0.157000,0.059976,0.501667
45092,20.0,32,30,3,31.28000,26.18000,29.22524,27.67762,0.094286,0.170000,0.075714,0.597143
45092,20.0,32,20,1,30.20000,27.85000,28.72540,28.54286,0.078294,0.117500,0.039206,0.405000
45092,20.0,32,20,2,30.10000,27.88000,28.73869,28.55016,0.072779,0.111000,0.038221,0.380000
45092,20.0,32,20,3,30.12000,27.89000,28.73133,28.53274,0.074398,0.111500,0.037102,0.386000
45092,20.0,32,10,1,30.18000,29.43000,29.77792,29.72873,0.042668,0.075000,0.032332,0.400000
45092,20.0,32,10,2,29.96000,29.41000,29.73750,29.70625,0.023812,0.055000,0.031188,0.345000
45092,20.0,32,10,3,29.85000,29.38000,29.68809,29.65872,0.017660,0.047000,0.029340,0.315000
45092,20.0,35,30,1,28.53000,27.23000,28.45727,28.38455,0.003636,0.043333,0.039697,0.047353
45092,20.0,35,30,2,28.84000,27.51000,28.76857,28.69714,0.003571,0.044333,0.040762,0.059091
45092,20.0,35,30,3,29.11000,27.84000,29.04925,28.98850,0.003037,0.042333,0.039296,0.097500
45092,20.0,35,20,1,30.48000,29.72000,30.44818,30.41636,0.002386,0.038000,0.035614,0.464000
45092,20.0,35,20,2,30.51000,29.76000,30.47818,30.44636,0.002386,0.037500,0.035114,0.468571
45092,20.0,35,20,3,30.52000,29.80000,30.49273,30.46545,0.002045,0.036000,0.033955,0.470000
45092,20.0,35,10,1,31.82000,31.46000,31.80611,31.79222,0.002083,0.036000,0.033917,0.654000
45092,20.0,35,10,2,31.80000,31.44000,31.79083,31.78165,0.001376,0.036000,0.034624,0.652000
45092,20.0,35,10,3,31.77000,31.41000,31.75649,31.74297,0.002027,0.036000,0.033973,0.649167
45092,30.0,30,30,1,29.52000,25.48000,27.42476,26.54854,0.084445,0.134667,0.050222,0.207500
45092,30.0,30,30,2,29.95000,25.62000,28.07062,26.71175,0.085294,0.144333,0.059040,0.342500
45092,30.0,30,30,3,29.50000,25.80000,27.62255,26.76500,0.076874,0.123333,0.046459,0.200000
45092,30.0,30,20,1,30.02000,27.27000,28.68587,27.89511,0.086476,0.137500,0.051024,0.360000
45092,30.0,30,20,2,28.45000,27.30000,27.87362,27.81489,0.030287,0.057500,0.027213,0.045000
45092,30.0,30,20,3,29.46000,27.33000,28.12939,27.87754,0.072827,0.106500,0.033673,0.188333
45092,30.0,30,10,1,29.22000,28.62000,28.89750,28.85891,0.034179,0.060000,0.025821,0.132500
45092,30.0,30,10,2,29.91000,28.61000,29.06660,28.86719,0.094311,0.130000,0.035689,0.332500
45092,30.0,30,10,3,29.89000,28.60000,29.13603,28.86915,0.088741,0.129000,0.040259,0.325000
45092,30.0,32,30,1,30.17000,27.21000,28.48021,28.18250,0.061288,0.098667,0.037379,0.397500
45092,30.0,32,30,2,31.27000,27.24000,29.57348,28.31903,0.077458,0.134333,0.056875,0.595714
45092,30.0,32,30,3,30.19000,27.30000,28.58178,28.17851,0.060329,0.096333,0.036005,0.402500
45092,30.0,32,20,1,31.17000,28.59000,29.80553,29.16783,0.084166,0.129000,0.044834,0.580000
45092,30.0,32,20,2,31.12000,28.58000,29.84957,29.16957,0.080522,0.127000,0.046478,0.571667
45092,30.0,32,20,3,30.16000,28.57000,29.19000,29.07739,0.051315,0.079500,0.028185,0.395000
45092,30.0,32,10,1,30.89000,29.76000,30.10250,30.01803,0.082973,0.113000,0.030027,0.535000
45092,30.0,32,10,2,30.13000,29.73000,29.98844,29.97281,0.014937,0.040000,0.025062,0.388000
45092,30.0,32,10,3,30.09000,29.70000,29.94871,29.93258,0.014935,0.039000,0.024065,0.378000
45092,30.0,35,30,1,30.29000,29.25000,30.24327,30.19654,0.002336,0.034667,0.032330,0.425000
45092,30.0,35,30,2,30.41000,29.37000,30.36413,30.31826,0.002294,0.034667,0.032373,0.450000
45092,30.0,35,30,3,30.51000,29.51000,30.46872,30.42743,0.002064,0.033333,0.031269,0.468571
45092,30.0,35,20,1,31.58000,30.95000,31.55727,31.53455,0.001705,0.031500,0.029795,0.634000
45092,30.0,35,20,2,31.56000,30.95000,31.54165,31.52330,0.001376,0.030500,0.029124,0.632000
45092,30.0,35,20,3,31.55000,30.93000,31.53165,31.51330,0.001376,0.031000,0.029624,0.631000
45092,30.0,35,10,1,32.54000,32.24000,32.53537,32.53074,0.000694,0.030000,0.029306,0.745000
45092,30.0,35,10,2,32.50000,32.20000,32.49091,32.48182,0.001364,0.030000,0.028636,0.740556
45092,30.0,35,10,3,32.47000,32.16000,32.46091,32.45182,0.001364,0.031000,0.029636,0.736429
45092,40.0,30,30,1,29.08000,26.52000,27.67447,27.29410,0.053191,0.085333,0.032143,0.089000
45092,40.0,30,30,2,29.63000,26.55000,28.26480,27.39043,0.060079,0.102667,0.042587,0.245000
45092,40.0,30,30,3,29.25000,26.59000,27.89131,27.45689,0.052530,0.088667,0.036137,0.140000
45092,40.0,30,20,1,29.40000,27.65000,28.45645,28.14739,0.054904,0.087500,0.032596,0.172500
45092,40.0,30,20,2,28.50000,27.64000,28.14745,28.10870,0.018596,0.043000,0.024404,0.046471
45092,40.0,30,20,3,29.59000,27.62000,28.58226,28.19516,0.060065,0.098500,0.038435,0.230000
45092,40.0,30,10,1,29.03000,28.56000,28.79839,28.78226,0.023968,0.047000,0.023032,0.078333
45092,40.0,30,10,2,29.40000,28.54000,28.82556,28.77000,0.060222,0.086000,0.025778,0.172500
45092,40.0,30,10,3,28.85000,0.00000,28.76270,28.73229,0.010250,2.885000,2.874750,0.059545
45092,40.0,32,30,1,31.64000,28.66000,30.33681,29.53478,0.056807,0.099333,0.042527,0.638571
45092,40.0,32,30,2,30.34000,28.59000,29.46830,29.36660,0.030752,0.058333,0.027582,0.435000
45092,40.0,32,30,3,30.53000,28.55000,29.48000,29.30733,0.037878,0.066000,0.028122,0.472500
45092,40.0,32,20,1,30.28000,29.47000,29.95813,29.92896,0.016823,0.040500,0.023677,0.422500
45092,40.0,32,20,2,31.05000,29.43000,30.06500,29.89617,0.053471,0.081000,0.027529,0.561429
45092,40.0,32,20,3,30.67000,29.37000,29.88851,29.80710,0.041110,0.065000,0.023890,0.498333
45092,40.0,32,10,1,31.08000,30.23000,30.50783,30.45906,0.059656,0.085000,0.025344,0.565714
45092,40.0,32,10,2,31.16000,30.21000,30.59443,30.43681,0.064438,0.095000,0.030562,0.578333
45092,40.0,32,10,3,30.91000,30.18000,30.43652,30.39875,0.049236,0.073000,0.023764,0.538333
45092,40.0,35,30,1,32.47000,31.71000,32.44748,32.42495,0.001126,0.025333,0.024207,0.736429
45092,40.0,35,30,2,32.46000,31.70000,32.43727,32.41455,0.001136,0.025333,0.024197,0.735000
45092,40.0,35,30,3,32.44000,31.69000,32.42148,32.40296,0.000926,0.025000,0.024074,0.733000
45092,40.0,35,20,1,33.17000,32.70000,33.16091,33.15182,0.000682,0.023500,0.022818,0.818750
45092,40.0,35,20,2,33.13000,32.65000,33.11624,33.10248,0.001032,0.024000,0.022968,0.813750
45092,40.0,35,20,3,33.08000,32.60000,33.06611,33.05222,0.001042,0.024000,0.022958,0.808000
45092,40.0,35,10,1,33.74000,33.51000,33.73554,33.73107,0.000670,0.023000,0.022330,0.885000
45092,40.0,35,10,2,33.70000,33.46000,33.69541,33.69083,0.000688,0.024000,0.023312,0.880000
45092,40.0,35,10,3,33.66000,33.43000,33.66000,33.66000,0.000000,0.023000,0.023000,0.875000
45120,10.0,30,30,1,28.69000,20.25000,24.57710,22.78043,0.167041,0.281333,0.114292,0.052692
45120,10.0,30,30,2,29.83000,20.92000,26.04000,23.81125,0.163479,0.297000,0.133521,0.308333
45120,10.0,30,30,3,27.88000,21.66000,25.18469,24.07000,0.108422,0.207333,0.098911,0.031800
45120,10.0,30,20,1,28.96000,24.53000,26.54652,26.01041,0.134077,0.221500,0.087423,0.068000
45120,10.0,30,20,2,29.27000,24.76000,26.79383,26.16468,0.139537,0.225500,0.085963,0.145000
45120,10.0,30,20,3,28.76000,24.88000,26.66043,26.21646,0.116078,0.194000,0.077922,0.055455
45120,10.0,30,10,1,30.10000,27.34000,28.52833,28.05250,0.180958,0.276000,0.095042,0.380000
45120,10.0,30,10,2,30.26000,27.31000,28.84197,28.13170,0.177317,0.295000,0.117683,0.418000
45120,10.0,30,10,3,29.47000,27.27000,28.27067,27.94848,0.136043,0.220000,0.083957,0.191667
45120,10.0,32,30,1,31.07000,22.12000,26.86032,24.98708,0.171543,0.298333,0.126790,0.564286
45120,10.0,32,30,2,28.65000,22.61000,25.63672,25.05475,0.110142,0.201333,0.091191,0.051154
45120,10.0,32,30,3,27.99000,23.13000,25.80042,25.33578,0.080730,0.162000,0.081270,0.034000
45120,10.0,32,20,1,31.57000,25.77000,29.02886,27.44489,0.166656,0.290000,0.123344,0.633000
45120,10.0,32,20,2,29.39000,25.95000,27.83355,27.27000,0.091911,0.172000,0.080089,0.170000
45120,10.0,32,20,3,30.41000,25.99000,27.93298,27.34333,0.138592,0.221000,0.082408,0.450000
45120,10.0,32,10,1,30.32000,28.39000,29.30159,29.07143,0.113349,0.193000,0.079651,0.431000
45120,10.0,32,10,2,30.37000,28.36000,29.26870,29.00933,0.123099,0.201000,0.077901,0.441667
45120,10.0,32,10,3,29.81000,28.34000,29.19710,28.94636,0.073827,0.147000,0.073173,0.302500
45120,10.0,35,30,1,26.76000,24.57000,26.61909,26.47818,0.007045,0.073000,0.065955,0.015349
45120,10.0,35,30,2,27.34000,25.15000,27.20364,27.06727,0.006818,0.073000,0.066182,0.022647
45120,10.0,35,30,3,27.81000,25.77000,27.69393,27.57786,0.005804,0.068000,0.062196,0.030400
45120,10.0,35,20,1,29.58000,28.28000,29.51056,29.44111,0.005208,0.065000,0.059792,0.227500
45120,10.0,35,20,2,29.66000,28.41000,29.59243,29.52486,0.005068,0.062500,0.057432,0.255000
45120,10.0,35,20,3,29.66000,28.46000,29.60091,29.54182,0.004432,0.060000,0.055568,0.255000
45120,10.0,35,10,1,31.31000,30.69000,31.27262,31.23523,0.005607,0.062000,0.056393,0.601667
45120,10.0,35,10,2,31.26000,30.66000,31.22296,31.18593,0.005556,0.060000,0.054444,0.594286
45120,10.0,35,10,3,31.21000,30.61000,31.17296,31.13593,0.005556,0.060000,0.054444,0.586667
45120,20.0,30,30,1,28.06000,23.53000,25.62130,25.08617,0.090209,0.151000,0.060791,0.035455
45120,20.0,30,30,2,30.19000,23.76000,27.81844,26.02937,0.108870,0.214333,0.105464,0.402500
45120,20.0,30,30,3,28.22000,24.07000,26.11656,25.72594,0.076625,0.138333,0.061708,0.039091
45120,20.0,30,20,1,29.93000,26.15000,27.99681,27.19111,0.116802,0.189000,0.072198,0.337500
45120,20.0,30,20,2,28.12000,26.17000,27.25304,27.09362,0.047333,0.097500,0.050167,0.036818
45120,20.0,30,20,3,28.27000,26.24000,27.32774,27.17452,0.050944,0.101500,0.050556,0.040263
45120,20.0,30,10,1,29.00000,28.07000,28.56510,28.48750,0.047370,0.093000,0.045630,0.073333
45120,20.0,30,10,2,29.79000,28.06000,28.86937,28.51739,0.109662,0.173000,0.063338,0.296667
45120,20.0,30,10,3,29.28000,28.02000,28.68476,28.46565,0.070479,0.126000,0.055521,0.146667
45120,20.0,32,30,1,31.40000,23.67000,28.34362,25.99128,0.141085,0.257667,0.116582,0.615000
45120,20.0,32,30,2,30.04000,24.02000,26.97426,25.98400,0.118696,0.200667,0.081971,0.367000
45120,20.0,32,30,3,29.04000,24.48000,26.71065,26.21871,0.085844,0.152000,0.066156,0.080000
45120,20.0,32,20,1,31.09000,26.65000,29.06638,27.83951,0.131853,0.222000,0.090147,0.567143
45120,20.0,32,20,2,29.78000,26.75000,28.07957,27.72468,0.093894,0.151500,0.057606,0.293750
45120,20.0,32,20,3,28.73000,26.83000,27.86720,27.71455,0.046956,0.095000,0.048044,0.054231
45120,20.0,32,10,1,29.78000,28.76000,29.27653,29.17533,0.055407,0.102000,0.046593,0.293750
45120,20.0,32,10,2,29.92000,28.75000,29.27979,29.16417,0.069802,0.117000,0.047198,0.335000
45120,20.0,32,10,3,29.62000,28.73000,29.22459,29.13443,0.044049,0.089000,0.044951,0.240000
45120,20.0,35,30,1,28.52000,26.82000,28.41252,28.30505,0.005374,0.056667,0.051293,0.047059
45120,20.0,35,30,2,29.02000,27.25000,28.92000,28.82000,0.005000,0.059000,0.054000,0.076667
45120,20.0,35,30,3,29.38000,27.73000,29.29509,29.21019,0.004245,0.055000,0.050755,0.167500
45120,20.0,35,20,1,30.88000,29.90000,30.83000,30.78000,0.003750,0.049000,0.045250,0.533333
45120,20.0,35,20,2,30.93000,29.97000,30.88370,30.83741,0.003472,0.048000,0.044528,0.541667
45120,20.0,35,20,3,30.96000,30.04000,30.91909,30.87818,0.003068,0.046000,0.042932,0.546667
45120,20.0,35,10,1,32.37000,31.93000,32.35148,32.33296,0.002778,0.044000,0.041222,0.725000
45120,20.0,35,10,2,32.34000,31.91000,32.31664,32.29327,0.003505,0.043000,0.039495,0.722000
45120,20.0,35,10,3,32.31000,31.87000,32.28685,32.26370,0.003472,0.044000,0.040528,0.718750
45120,30.0,30,30,1,29.86000,24.25000,27.59085,25.95613,0.102884,0.187000,0.084116,0.317500
45120,30.0,30,30,2,29.50000,24.39000,27.31452,26.15391,0.092193,0.170333,0.078140,0.200000
45120,30.0,30,30,3,28.27000,24.61000,26.76206,26.18089,0.059951,0.122000,0.062049,0.040263
45120,30.0,30,20,1,28.93000,26.47000,27.79290,27.40681,0.066507,0.123000,0.056493,0.065000
45120,30.0,30,20,2,29.55000,26.47000,27.99489,27.46667,0.090961,0.154000,0.063039,0.217500
45120,30.0,30,20,3,29.36000,26.48000,27.88313,27.47130,0.084139,0.144000,0.059861,0.163000
45120,30.0,30,10,1,29.47000,28.13000,28.67833,28.54600,0.085783,0.134000,0.048217,0.191667
45120,30.0,30,10,2,29.50000,28.09000,28.77778,28.51915,0.085154,0.141000,0.055846,0.200000
45120,30.0,30,10,3,29.37000,28.07000,28.70871,28.49340,0.076894,0.130000,0.053106,0.165000
45120,30.0,32,30,1,30.47000,26.59000,28.42043,27.88298,0.077276,0.129333,0.052057,0.462000
45120,30.0,32,30,2,31.59000,26.67000,29.82937,28.32143,0.083820,0.164000,0.080180,0.635000
45120,30.0,32,30,3,29.80000,26.76000,28.17200,27.90984,0.058636,0.101333,0.042697,0.300000
45120,30.0,32,20,1,30.68000,28.28000,29.24979,28.98323,0.078175,0.120000,0.041825,0.500000
45120,30.0,32,20,2,30.99000,28.27000,29.43804,28.97111,0.089271,0.136000,0.046729,0.551667
45120,30.0,32,20,3,31.06000,28.25000,29.51952,29.01145,0.089726,0.140500,0.050774,0.562857
45120,30.0,32,10,1,31.13000,29.65000,30.18551,29.96600,0.105424,0.148000,0.042576,0.573333
45120,30.0,32,10,2,30.88000,29.62000,30.03646,29.91708,0.090323,0.126000,0.035677,0.533333
45120,30.0,32,10,3,30.83000,29.59000,30.01361,29.90705,0.086967,0.124000,0.037033,0.525000
45120,30.0,35,30,1,29.47000,28.01000,29.39925,29.32849,0.003538,0.048667,0.045129,0.191667
45120,30.0,35,30,2,29.65000,28.21000,29.58519,29.52037,0.003241,0.048000,0.044759,0.250000
45120,30.0,35,30,3,29.84000,28.49000,29.78595,29.73189,0.002703,0.045000,0.042297,0.311667
45120,30.0,35,20,1,31.03000,30.23000,31.00273,30.97545,0.002045,0.040000,0.037955,0.558333
45120,30.0,35,20,2,31.03000,30.25000,31.00297,30.97595,0.002027,0.039000,0.036973,0.558333
45120,30.0,35,20,3,31.02000,30.25000,30.99642,30.97283,0.001769,0.038500,0.036731,0.556667
45120,30.0,35,10,1,32.17000,31.81000,32.16099,32.15198,0.001351,0.036000,0.034649,0.701429
45120,30.0,35,10,2,32.13000,31.76000,32.11558,32.10115,0.002163,0.037000,0.034837,0.696250
45120,30.0,35,10,3,32.09000,31.74000,32.08083,32.07165,0.001376,0.035000,0.033624,0.691250
45120,40.0,30,30,1,29.51000,25.11000,27.82939,26.65319,0.075624,0.146667,0.071043,0.205000
45120,40.0,30,30,2,27.87000,25.05000,26.71087,26.50087,0.042138,0.094000,0.051862,0.031600
45120,40.0,30,30,3,27.91000,25.09000,26.76348,26.57979,0.041279,0.094000,0.052721,0.032400
45120,40.0,30,20,1,29.40000,26.65000,28.25191,27.61149,0.073415,0.137500,0.064085,0.172500
45120,40.0,30,20,2,29.37000,26.61000,28.24806,27.69968,0.069806,0.138000,0.068194,0.165000
45120,40.0,30,20,3,28.27000,26.59000,27.72968,27.55149,0.031471,0.084000,0.052529,0.040263
45120,40.0,30,10,1,28.70000,28.06000,28.50787,28.45783,0.021715,0.064000,0.042285,0.053077
45120,40.0,30,10,2,28.41000,27.70000,28.45804,28.42891,-0.003347,0.071000,0.074347,0.043947
45120,40.0,30,10,3,28.88000,27.63000,28.49574,28.44667,0.040879,0.125000,0.084121,0.061429
45120,40.0,32,30,1,31.67000,28.40000,30.20125,29.48023,0.060975,0.109000,0.048025,0.640833
45120,40.0,32,30,2,30.67000,28.40000,29.53710,29.37581,0.040452,0.075667,0.035215,0.498333
45120,40.0,32,30,3,31.70000,28.38000,30.32903,29.49872,0.059537,0.110667,0.051129,0.643333
45120,40.0,32,20,1,31.05000,29.48000,30.17531,30.06696,0.046443,0.078500,0.032057,0.561429
45120,40.0,32,20,2,31.60000,29.43000,30.50323,30.05826,0.065963,0.108500,0.042537,0.635714
45120,40.0,32,20,3,31.33000,29.38000,30.18042,29.95750,0.063052,0.097500,0.034448,0.605000
45120,40.0,32,10,1,30.93000,30.38000,30.67867,30.65830,0.026152,0.055000,0.028848,0.541667
45120,40.0,32,10,2,30.96000,30.35000,30.64804,30.62000,0.032598,0.061000,0.028402,0.546667
45120,40.0,32,10,3,31.03000,30.32000,30.61870,30.58872,0.042629,0.071000,0.028371,0.558333
45120,40.0,35,30,1,31.84000,30.86000,31.80330,31.76661,0.001835,0.032667,0.030832,0.656250
45120,40.0,35,30,2,31.86000,30.88000,31.82262,31.78523,0.001869,0.032667,0.030798,0.658750
45120,40.0,35,30,3,31.91000,30.96000,31.87729,31.84458,0.001636,0.031667,0.030031,0.664000
45120,40.0,35,20,1,32.78000,32.20000,32.76182,32.74364,0.001364,0.029000,0.027636,0.773571
45120,40.0,35,20,2,32.75000,32.18000,32.73182,32.71364,0.001364,0.028500,0.027136,0.769444
45120,40.0,35,20,3,32.72000,32.14000,32.70148,32.68296,0.001389,0.029000,0.027611,0.766111
45120,40.0,35,10,1,33.51000,33.24000,33.50537,33.50074,0.000694,0.027000,0.026306,0.857500
45120,40.0,35,10,2,33.49000,33.21000,33.48074,33.47148,0.001389,0.028000,0.026611,0.855000
45120,40.0,35,10,3,33.45000,33.18000,33.44545,33.44091,0.000682,0.027000,0.026318,0.850556
45128,10.0,30,30,1,30.48000,21.76000,26.62283,23.86255,0.174577,0.290667,0.116090,0.464000
45128,10.0,30,30,2,30.37000,22.42000,26.92609,24.58125,0.153878,0.265000,0.111122,0.441667
45128,10.0,30,30,3,27.13000,23.01000,25.02667,24.64435,0.076483,0.137333,0.060850,0.019651
45128,10.0,30,20,1,30.39000,25.46000,27.92571,26.63533,0.155474,0.246500,0.091026,0.445000
45128,10.0,30,20,2,28.43000,25.59000,26.78340,26.53016,0.088661,0.142000,0.053339,0.044474
45128,10.0,30,20,3,28.06000,25.74000,26.81839,26.62484,0.066919,0.116000,0.049081,0.035455
45128,10.0,30,10,1,28.98000,27.83000,28.37435,28.24489,0.067038,0.115000,0.047962,0.070000
45128,10.0,30,10,2,30.23000,27.81000,28.85097,28.31348,0.164778,0.242000,0.077222,0.412000
45128,10.0,30,10,3,30.32000,27.80000,28.77733,28.30261,0.178003,0.252000,0.073997,0.431000
45128,10.0,32,30,1,31.02000,23.33000,27.02787,25.49677,0.158589,0.256333,0.097744,0.556667
45128,10.0,32,30,2,30.86000,23.81000,27.27333,26.10667,0.139000,0.235000,0.096000,0.530000
45128,10.0,32,30,3,29.42000,24.38000,27.08129,26.24511,0.091893,0.168000,0.076107,0.177500
45128,10.0,32,20,1,30.43000,26.71000,28.25190,27.87095,0.118429,0.186000,0.067571,0.453333
45128,10.0,32,20,2,30.40000,26.79000,28.22833,27.86723,0.117611,0.180500,0.062889,0.447500
45128,10.0,32,20,3,31.49000,26.87000,28.92822,28.00820,0.151090,0.231000,0.079910,0.625000
45128,10.0,32,10,1,31.50000,29.05000,29.91917,29.57143,0.175470,0.245000,0.069530,0.626000
45128,10.0,32,10,2,29.92000,29.03000,29.55319,29.47562,0.040559,0.089000,0.048441,0.335000
45128,10.0,32,10,3,30.51000,29.00000,29.62578,29.47143,0.096140,0.151000,0.054860,0.468571
45128,10.0,35,30,1,27.34000,25.58000,27.21963,27.09926,0.006019,0.058667,0.052648,0.022647
45128,10.0,35,30,2,27.89000,26.14000,27.78450,27.67899,0.005275,0.058333,0.053058,0.032000
45128,10.0,35,30,3,28.32000,26.65000,28.22826,28.13651,0.004587,0.055667,0.051080,0.041579
45128,10.0,35,20,1,30.00000,28.97000,29.94907,29.89815,0.003819,0.051500,0.047681,0.356667
45128,10.0,35,20,2,30.04000,29.05000,29.99370,29.94741,0.003472,0.049500,0.046028,0.367000
45128,10.0,35,20,3,30.10000,29.13000,30.04954,29.99908,0.003784,0.048500,0.044716,0.380000
45128,10.0,35,10,1,31.68000,31.22000,31.65768,31.63536,0.003348,0.046000,0.042652,0.641667
45128,10.0,35,10,2,31.64000,31.18000,31.62198,31.60396,0.002703,0.046000,0.043297,0.638571
45128,10.0,35,10,3,31.61000,31.15000,31.58768,31.56536,0.003348,0.046000,0.042652,0.636429
45128,20.0,30,30,1,28.21000,24.28000,25.96000,25.49043,0.082826,0.131000,0.048174,0.038864
45128,20.0,30,30,2,29.22000,24.55000,26.66170,25.80809,0.099504,0.155667,0.056163,0.132500
45128,20.0,30,30,3,29.06000,24.85000,26.68213,26.04180,0.089935,0.140333,0.050399,0.085000
45128,20.0,30,20,1,29.80000,26.68000,27.87667,27.39032,0.108325,0.156000,0.047675,0.300000
45128,20.0,30,20,2,30.15000,26.72000,28.39774,27.59129,0.107774,0.171500,0.063726,0.392500
45128,20.0,30,20,3,30.09000,26.77000,28.34397,27.55854,0.106937,0.166000,0.059063,0.378000
45128,20.0,30,10,1,30.12000,28.39000,29.02417,28.73234,0.124175,0.173000,0.048825,0.386000
45128,20.0,30,10,2,29.95000,28.38000,28.89130,28.69625,0.115622,0.157000,0.041378,0.342500
45128,20.0,30,10,3,29.80000,28.36000,28.81238,28.68540,0.105111,0.144000,0.038889,0.300000
45128,20.0,32,30,1,30.73000,24.29000,27.37553,26.12500,0.132658,0.214667,0.082009,0.508333
45128,20.0,32,30,2,30.22000,24.59000,27.24617,26.28934,0.115075,0.187667,0.072592,0.410000
45128,20.0,32,30,3,28.55000,25.03000,26.76913,26.45687,0.064567,0.117333,0.052767,0.047941
45128,20.0,32,20,1,31.21000,27.12000,28.97000,28.09031,0.133992,0.204500,0.070508,0.586667
45128,20.0,32,20,2,30.00000,27.22000,28.30065,28.06677,0.090815,0.139000,0.048185,0.356667
45128,20.0,32,20,3,29.27000,27.31000,28.21615,28.07769,0.056154,0.098000,0.041846,0.145000
45128,20.0,32,10,1,31.14000,29.16000,29.82667,29.55048,0.145143,0.198000,0.052857,0.575000
45128,20.0,32,10,2,31.17000,29.13000,29.87687,29.52348,0.146982,0.204000,0.057018,0.580000
45128,20.0,32,10,3,30.24000,29.11000,29.56083,29.45617,0.073150,0.113000,0.039850,0.414000
45128,20.0,35,30,1,29.32000,28.02000,29.24130,29.16259,0.003935,0.043333,0.039398,0.155000
45128,20.0,35,30,2,29.71000,28.37000,29.63727,29.56455,0.003636,0.044667,0.041030,0.270000
45128,20.0,35,30,3,30.01000,28.72000,29.94636,29.88273,0.003182,0.043000,0.039818,0.358333
45128,20.0,35,20,1,31.42000,30.64000,31.38729,31.35458,0.002453,0.039000,0.036547,0.617500
45128,20.0,35,20,2,31.46000,30.70000,31.42396,31.38793,0.002703,0.038000,0.035297,0.622000
45128,20.0,35,20,3,31.46000,30.73000,31.43248,31.40495,0.002064,0.036500,0.034436,0.622000
45128,20.0,35,10,1,32.77000,32.42000,32.75636,32.74273,0.002045,0.035000,0.032955,0.772143
45128,20.0,35,10,2,32.74000,32.39000,32.72598,32.71196,0.002103,0.035000,0.032897,0.768333
45128,20.0,35,10,3,32.71000,32.36000,32.69611,32.68222,0.002083,0.035000,0.032917,0.765000
45128,30.0,30,30,1,28.71000,25.50000,26.85340,26.44756,0.068651,0.107000,0.038349,0.053462
45128,30.0,30,30,2,29.85000,25.65000,27.98255,26.70348,0.083566,0.140000,0.056434,0.315000
45128,30.0,30,30,3,28.89000,25.82000,27.13290,26.77806,0.064484,0.102333,0.037849,0.062143
45128,30.0,30,20,1,29.86000,27.25000,28.41000,27.86783,0.086054,0.130500,0.044446,0.317500
45128,30.0,30,20,2,29.54000,27.27000,28.12444,27.82936,0.078155,0.113500,0.035345,0.215000
45128,30.0,30,20,3,28.29000,27.30000,27.86583,27.81733,0.022421,0.049500,0.027079,0.040789
45128,30.0,30,10,1,29.50000,28.54000,28.85478,28.79837,0.067343,0.096000,0.028657,0.200000
45128,30.0,30,10,2,29.73000,28.54000,28.91000,28.79875,0.087563,0.119000,0.031438,0.280000
45128,30.0,30,10,3,29.02000,28.52000,28.79739,28.76830,0.023716,0.050000,0.026284,0.076667
45128,30.0,32,30,1,31.53000,27.62000,29.61417,28.76435,0.078025,0.130333,0.052309,0.629000
45128,30.0,32,30,2,30.64000,27.63000,29.18839,28.69447,0.056619,0.100333,0.043714,0.493333
45128,30.0,32,30,3,31.82000,27.70000,30.24804,28.89723,0.074912,0.137333,0.062421,0.654000
45128,30.0,32,20,1,31.50000,29.03000,30.17460,29.69896,0.078161,0.123500,0.045339,0.626000
45128,30.0,32,20,2,31.22000,28.98000,29.83833,29.59516,0.075163,0.112000,0.036837,0.588333
45128,30.0,32,20,3,31.23000,28.96000,29.99190,29.56068,0.072685,0.113500,0.040815,0.590000
45128,30.0,32,10,1,30.62000,30.14000,30.42826,30.40833,0.020170,0.048000,0.027830,0.490000
45128,30.0,32,10,2,31.39000,30.12000,30.53170,30.40733,0.092048,0.127000,0.034952,0.613571
45128,30.0,32,10,3,30.79000,30.08000,30.38733,30.35633,0.041817,0.071000,0.029183,0.518333
45128,30.0,35,30,1,30.26000,29.12000,30.21045,30.16090,0.002477,0.038000,0.035523,0.418000
45128,30.0,35,30,2,30.38000,29.29000,30.33833,30.29667,0.002083,0.036333,0.034250,0.443333
45128,30.0,35,30,3,30.50000,29.45000,30.45909,30.41818,0.002045,0.035000,0.032955,0.467143
45128,30.0,35,20,1,31.59000,30.94000,31.57148,31.55296,0.001389,0.032500,0.031111,0.635000
45128,30.0,35,20,2,31.56000,30.91000,31.53685,31.51370,0.001736,0.032500,0.030764,0.632000
45128,30.0,35,20,3,31.54000,30.90000,31.51706,31.49413,0.001720,0.032000,0.030280,0.630000
45128,30.0,35,10,1,32.50000,32.19000,32.49099,32.48198,0.001351,0.031000,0.029649,0.740556
45128,30.0,35,10,2,32.47000,32.16000,32.46107,32.45214,0.001339,0.031000,0.029661,0.736429
45128,30.0,35,10,3,32.44000,32.13000,32.43074,32.42148,0.001389,0.031000,0.029611,0.733000
45128,40.0,30,30,1,29.43000,26.30000,27.89277,27.19032,0.062949,0.104333,0.041385,0.180000
45128,40.0,30,30,2,29.17000,26.30000,27.77806,27.24581,0.055269,0.095667,0.040398,0.115000
45128,40.0,30,30,3,29.58000,26.34000,28.29774,27.39170,0.057843,0.108000,0.050157,0.227500
45128,40.0,30,20,1,28.70000,27.44000,28.01475,27.94918,0.035902,0.063000,0.027098,0.053077
45128,40.0,30,20,2,29.40000,27.46000,28.33468,27.98565,0.061992,0.097000,0.035008,0.172500
45128,40.0,30,20,3,28.33000,27.44000,27.95565,27.91714,0.019680,0.044500,0.024820,0.041842
45128,40.0,30,10,1,28.86000,28.42000,28.66906,28.64562,0.020266,0.044000,0.023734,0.060000
45128,40.0,30,10,2,28.70000,28.41000,28.63939,28.63000,0.006531,0.029000,0.022469,0.053077
45128,40.0,30,10,3,29.29000,28.41000,28.69872,28.63918,0.062105,0.088000,0.025895,0.148333
45128,40.0,32,30,1,31.83000,28.27000,30.57388,29.35717,0.062149,0.118667,0.056518,0.655000
45128,40.0,32,30,2,30.42000,28.23000,29.25115,29.10361,0.041421,0.073000,0.031579,0.451667
45128,40.0,32,30,3,31.01000,28.22000,29.64478,29.08213,0.054885,0.093000,0.038115,0.555000
45128,40.0,32,20,1,30.19000,29.25000,29.77583,29.72875,0.021885,0.047000,0.025115,0.402500
45128,40.0,32,20,2,31.24000,29.21000,30.12340,29.72404,0.065814,0.101500,0.035686,0.591429
45128,40.0,32,20,3,30.88000,29.18000,29.95258,29.66667,0.053519,0.085000,0.031481,0.533333
45128,40.0,32,10,1,30.90000,30.12000,30.39688,30.35781,0.052266,0.078000,0.025734,0.536667
45128,40.0,32,10,2,30.95000,30.10000,30.37583,30.32900,0.059758,0.085000,0.025242,0.545000
45128,40.0,32,10,3,30.59000,30.08000,30.32903,30.30484,0.027306,0.051000,0.023694,0.484000
45128,40.0,35,30,1,32.12000,31.27000,32.09273,32.06545,0.001364,0.028333,0.026970,0.695000
45128,40.0,35,30,2,32.14000,31.31000,32.11706,32.09413,0.001147,0.027667,0.026520,0.697500
45128,40.0,35,30,3,32.17000,31.35000,32.14768,32.12536,0.001116,0.027333,0.026217,0.701429
45128,40.0,35,20,1,32.98000,32.47000,32.97083,32.96165,0.000688,0.025500,0.024812,0.796250
45128,40.0,35,20,2,32.95000,32.44000,32.93624,32.92248,0.001032,0.025500,0.024468,0.792500
45128,40.0,35,20,3,32.91000,32.40000,32.89624,32.88248,0.001032,0.025500,0.024468,0.788000
45128,40.0,35,10,1,33.64000,33.39000,33.63541,33.63083,0.000688,0.025000,0.024312,0.873000
45128,40.0,35,10,2,33.61000,33.35000,33.60533,33.60065,0.000701,0.026000,0.025299,0.870000
45128,40.0,35,10,3,33.58000,33.32000,33.57550,33.57099,0.000676,0.026000,0.025324,0.866250
WR125080000296,10.0,30,30,1,28.67000,25.87000,27.03042,26.57467,0.062249,0.093333,0.031085,0.051923
WR125080000296,10.0,30,30,2,28.35000,25.93000,26.92723,26.73489,0.050631,0.080667,0.030035,0.042368
WR125080000296,10.0,30,30,3,30.05000,26.07000,28.65261,27.16064,0.071446,0.132667,0.061221,0.369000
WR125080000296,10.0,30,20,1,30.53000,27.59000,28.89702,28.11000,0.101324,0.147000,0.045676,0.472500
WR125080000296,10.0,30,20,2,30.31000,27.62000,28.69710,28.12404,0.094972,0.134500,0.039528,0.429000
WR125080000296,10.0,30,20,3,29.56000,27.66000,28.25261,28.10565,0.069044,0.095000,0.025956,0.220000
WR125080000296,10.0,30,10,1,29.49000,28.95000,29.24806,29.18136,0.027529,0.054000,0.026471,0.197500
WR125080000296,10.0,30,10,2,30.41000,28.94000,29.50375,29.18739,0.106443,0.147000,0.040557,0.450000
WR125080000296,10.0,30,10,3,29.39000,28.94000,29.21258,29.16224,0.020259,0.045000,0.024741,0.170000
WR125080000296,10.0,32,30,1,31.46000,26.80000,29.48750,28.00581,0.090445,0.155333,0.064888,0.622000
WR125080000296,10.0,32,30,2,30.98000,26.84000,29.16619,28.07095,0.078714,0.138000,0.059286,0.550000
WR125080000296,10.0,32,30,3,29.62000,26.91000,28.28129,27.85261,0.051768,0.090333,0.038565,0.240000
WR125080000296,10.0,32,20,1,30.66000,28.41000,29.30750,28.96556,0.076174,0.112500,0.036326,0.496667
WR125080000296,10.0,32,20,2,29.74000,28.41000,28.99478,28.91702,0.039205,0.066500,0.027295,0.282500
WR125080000296,10.0,32,20,3,30.56000,28.40000,29.09383,28.91548,0.077767,0.108000,0.030233,0.478333
WR125080000296,10.0,32,10,1,31.33000,29.77000,30.18750,30.04745,0.121253,0.156000,0.034747,0.605000
WR125080000296,10.0,32,10,2,30.19000,29.74000,30.01917,30.00872,0.017605,0.045000,0.027395,0.402500
WR125080000296,10.0,32,10,3,31.09000,29.72000,30.09083,29.98810,0.105054,0.137000,0.031946,0.567143
WR125080000296,10.0,35,30,1,30.08000,29.16000,30.04364,30.00727,0.001818,0.030667,0.028848,0.376000
WR125080000296,10.0,35,30,2,30.24000,29.24000,30.20330,30.16661,0.001835,0.033333,0.031498,0.414000
WR125080000296,10.0,35,30,3,30.39000,29.58000,30.36273,30.33545,0.001364,0.027000,0.025636,0.445000
WR125080000296,10.0,35,20,1,31.49000,30.93000,31.47113,31.45226,0.001415,0.028000,0.026585,0.625000
WR125080000296,10.0,35,20,2,31.48000,30.92000,31.46611,31.45222,0.001042,0.028000,0.026958,0.624000
WR125080000296,10.0,35,20,3,31.47000,30.91000,31.45611,31.44222,0.001042,0.028000,0.026958,0.623000
WR125080000296,10.0,35,10,1,32.50000,32.19000,32.49074,32.48148,0.001389,0.031000,0.029611,0.740556
WR125080000296,10.0,35,10,2,32.47000,32.16000,32.46099,32.45198,0.001351,0.031000,0.029649,0.736429
WR125080000296,10.0,35,10,3,32.44000,32.13000,32.43091,32.42182,0.001364,0.031000,0.029636,0.733000
WR125080000296,20.0,30,30,1,30.42000,26.85000,28.86696,27.64426,0.072146,0.119000,0.046854,0.451667
WR125080000296,20.0,30,30,2,29.39000,26.94000,27.86156,27.56274,0.055928,0.081667,0.025738,0.170000
WR125080000296,20.0,30,30,3,29.49000,27.02000,28.03426,27.64391,0.055031,0.082333,0.027303,0.197500
WR125080000296,20.0,30,20,1,29.07000,28.09000,28.53911,28.49739,0.027587,0.049000,0.021413,0.087000
WR125080000296,20.0,30,20,2,30.07000,28.10000,28.92484,28.53681,0.066959,0.098500,0.031541,0.373750
WR125080000296,20.0,30,20,3,29.70000,28.12000,28.66391,28.52810,0.055200,0.079000,0.023800,0.267500
WR125080000296,20.0,30,10,1,29.90000,29.14000,29.39565,29.35859,0.052288,0.076000,0.023712,0.330000
WR125080000296,20.0,30,10,2,30.14000,29.13000,29.41478,29.33851,0.076335,0.101000,0.024665,0.390000
WR125080000296,20.0,30,10,3,30.10000,29.11000,29.38478,29.30857,0.075332,0.099000,0.023668,0.380000
WR125080000296,20.0,32,30,1,31.57000,27.94000,30.12857,28.86576,0.069094,0.121000,0.051906,0.633000
WR125080000296,20.0,32,30,2,30.44000,27.94000,28.99391,28.61426,0.054530,0.083333,0.028803,0.455000
WR125080000296,20.0,32,30,3,31.06000,27.97000,29.60913,28.69935,0.063525,0.103000,0.039475,0.562857
WR125080000296,20.0,32,20,1,30.13000,28.96000,29.45239,29.38710,0.035513,0.058500,0.022987,0.388000
WR125080000296,20.0,32,20,2,30.52000,28.93000,29.48559,29.37542,0.054475,0.079500,0.025025,0.470000
WR125080000296,20.0,32,20,3,29.78000,28.93000,29.38660,29.34778,0.020641,0.042500,0.021859,0.293750
WR125080000296,20.0,32,10,1,30.46000,29.90000,30.14804,30.12000,0.032598,0.056000,0.023402,0.460000
WR125080000296,20.0,32,10,2,30.50000,29.88000,30.11870,30.08875,0.039628,0.062000,0.022372,0.467143
WR125080000296,20.0,32,10,3,30.97000,29.86000,30.28967,30.09021,0.078006,0.111000,0.032994,0.548333
WR125080000296,20.0,35,30,1,32.50000,31.83000,32.48214,32.46429,0.000893,0.022333,0.021440,0.740556
WR125080000296,20.0,35,30,2,32.45000,31.79000,32.43148,32.41296,0.000926,0.022000,0.021074,0.734000
WR125080000296,20.0,35,30,3,32.44000,31.77000,32.42148,32.40296,0.000926,0.022333,0.021407,0.733000
WR125080000296,20.0,35,20,1,33.14000,32.67000,33.13099,33.12198,0.000676,0.023500,0.022824,0.815000
WR125080000296,20.0,35,20,2,33.08000,32.61000,33.07074,33.06148,0.000694,0.023500,0.022806,0.808000
WR125080000296,20.0,35,20,3,33.03000,32.55000,33.01598,33.00196,0.001051,0.024000,0.022949,0.802500
WR125080000296,20.0,35,10,1,33.67000,33.43000,33.66537,33.66074,0.000694,0.024000,0.023306,0.876250
WR125080000296,20.0,35,10,2,33.63000,33.38000,33.62533,33.62065,0.000701,0.025000,0.024299,0.872000
WR125080000296,20.0,35,10,3,33.59000,33.34000,33.58541,33.58083,0.000688,0.025000,0.024312,0.867500
WR125080000296,30.0,30,30,1,30.12000,27.55000,28.90250,28.18239,0.052585,0.085667,0.033082,0.386000
WR125080000296,30.0,30,30,2,28.85000,27.59000,28.19696,28.12867,0.022906,0.042000,0.019094,0.059545
WR125080000296,30.0,30,30,3,29.10000,27.60000,28.24217,28.12708,0.030512,0.050000,0.019488,0.095000
WR125080000296,30.0,30,20,1,29.62000,28.44000,28.88652,28.80750,0.038649,0.059000,0.020351,0.240000
WR125080000296,30.0,30,20,2,29.09000,28.42000,28.79903,28.77484,0.015153,0.033500,0.018347,0.091667
WR125080000296,30.0,30,20,3,29.68000,28.41000,28.87312,28.76792,0.042974,0.063500,0.020526,0.260000
WR125080000296,30.0,30,10,1,29.51000,29.16000,29.35864,29.34000,0.016068,0.035000,0.018932,0.205000
WR125080000296,30.0,30,10,2,29.73000,29.14000,29.40742,29.32240,0.036509,0.059000,0.022491,0.280000
WR125080000296,30.0,30,10,3,29.90000,29.13000,29.43279,29.30400,0.053161,0.077000,0.023839,0.330000
WR125080000296,30.0,32,30,1,31.12000,29.21000,30.10620,29.88804,0.037429,0.063667,0.026237,0.571667
WR125080000296,30.0,32,30,2,31.15000,29.11000,30.12774,29.80516,0.039452,0.068000,0.028548,0.576667
WR125080000296,30.0,32,30,3,30.43000,29.05000,29.74426,29.65745,0.024305,0.046000,0.021695,0.453333
WR125080000296,30.0,32,20,1,31.28000,29.76000,30.41770,30.21279,0.048238,0.076000,0.027762,0.597143
WR125080000296,30.0,32,20,2,30.93000,29.69000,30.17375,30.07919,0.040176,0.062000,0.021824,0.541667
WR125080000296,30.0,32,20,3,30.25000,29.65000,30.03750,30.01000,0.011313,0.030000,0.018687,0.416000
WR125080000296,30.0,32,10,1,31.13000,30.35000,30.59787,30.54891,0.055661,0.078000,0.022339,0.573333
WR125080000296,30.0,32,10,2,31.10000,30.31000,30.56435,30.50790,0.056387,0.079000,0.022613,0.568571
WR125080000296,30.0,32,10,3,30.79000,30.29000,30.55562,30.48234,0.027102,0.050000,0.022898,0.518333
WR125080000296,30.0,35,30,1,32.41000,31.71000,32.39113,32.37226,0.000943,0.023333,0.022390,0.730000
WR125080000296,30.0,35,30,2,32.32000,31.64000,32.30624,32.29248,0.000688,0.022667,0.021979,0.720000
WR125080000296,30.0,35,30,3,32.26000,31.58000,32.24182,32.22364,0.000909,0.022667,0.021758,0.712500
WR125080000296,30.0,35,20,1,32.75000,32.29000,32.74074,32.73148,0.000694,0.023000,0.022306,0.769444
WR125080000296,30.0,35,20,2,32.68000,32.21000,32.67074,32.66148,0.000694,0.023500,0.022806,0.761250
WR125080000296,30.0,35,20,3,32.62000,32.15000,32.60624,32.59248,0.001032,0.023500,0.022468,0.754000
WR125080000296,30.0,35,10,1,33.11000,32.86000,33.10107,33.09214,0.001339,0.025000,0.023661,0.811250
WR125080000296,30.0,35,10,2,33.07000,32.82000,33.06099,33.05198,0.001351,0.025000,0.023649,0.807000
WR125080000296,30.0,35,10,3,33.03000,32.78000,33.02083,33.01165,0.001376,0.025000,0.023624,0.802500
WR125080000296,40.0,30,30,1,29.47000,28.02000,28.74869,28.51370,0.027960,0.048333,0.020373,0.191667
WR125080000296,40.0,30,30,2,29.42000,27.98000,28.64787,28.46609,0.028767,0.048000,0.019233,0.177500
WR125080000296,40.0,30,30,3,29.34000,27.95000,28.65967,28.45065,0.026161,0.046333,0.020172,0.159000
WR125080000296,40.0,30,20,1,29.76000,28.51000,29.13705,28.88061,0.037558,0.062500,0.024942,0.288333
WR125080000296,40.0,30,20,2,29.58000,28.48000,29.00742,28.82870,0.033097,0.055000,0.021903,0.227500
WR125080000296,40.0,30,20,3,29.37000,28.45000,28.85239,28.78816,0.027486,0.046000,0.018514,0.165000
WR125080000296,40.0,30,10,1,29.53000,28.98000,29.23968,29.16156,0.032938,0.055000,0.022062,0.210000
WR125080000296,40.0,30,10,2,29.51000,28.96000,29.15810,29.13429,0.036381,0.055000,0.018619,0.205000
WR125080000296,40.0,30,10,3,29.47000,28.94000,29.13902,29.11443,0.034328,0.053000,0.018672,0.191667
WR125080000296,40.0,32,30,1,31.43000,29.90000,30.66826,30.49708,0.028244,0.051000,0.022756,0.618750
WR125080000296,40.0,32,30,2,31.46000,29.79000,30.66915,30.40319,0.030794,0.055667,0.024872,0.622000
WR125080000296,40.0,32,30,3,31.61000,29.71000,30.81870,30.34375,0.034293,0.063333,0.029041,0.636429
WR125080000296,40.0,32,20,1,31.43000,30.26000,30.79000,30.67745,0.034814,0.058500,0.023686,0.618750
WR125080000296,40.0,32,20,2,31.39000,30.19000,30.73435,30.60750,0.035954,0.060000,0.024046,0.613571
WR125080000296,40.0,32,20,3,31.06000,30.14000,30.66317,30.53533,0.023037,0.046000,0.022963,0.562857
WR125080000296,40.0,32,10,1,31.12000,30.69000,30.90872,30.89000,0.022064,0.043000,0.020936,0.571667
WR125080000296,40.0,32,10,2,31.37000,30.66000,30.98475,30.87457,0.044034,0.071000,0.026966,0.610714
WR125080000296,40.0,32,10,3,31.18000,30.62000,30.84733,30.81852,0.034707,0.056000,0.021293,0.581667
WR125080000296,40.0,35,30,1,33.42000,32.85000,33.40624,33.39248,0.000688,0.019000,0.018312,0.847222
WR125080000296,40.0,35,30,2,33.31000,32.74000,33.29624,33.28248,0.000688,0.019000,0.018312,0.835000
WR125080000296,40.0,35,30,3,33.22000,32.64000,33.20598,33.19196,0.000701,0.019333,0.018632,0.824000
WR125080000296,40.0,35,20,1,33.58000,33.16000,33.56649,33.55297,0.001014,0.021000,0.019986,0.866250
WR125080000296,40.0,35,20,2,33.49000,33.09000,33.48099,33.47198,0.000676,0.020000,0.019324,0.855000
WR125080000296,40.0,35,20,3,33.42000,33.01000,33.41083,33.40165,0.000688,0.020500,0.019812,0.847222
WR125080000296,40.0,35,10,1,33.77000,33.56000,33.76545,33.76091,0.000682,0.021000,0.020318,0.888750
WR125080000296,40.0,35,10,2,33.73000,33.52000,33.72554,33.72107,0.000670,0.021000,0.020330,0.883750
WR125080000296,40.0,35,10,3,33.69000,33.48000,33.68545,33.68091,0.000682,0.021000,0.020318,0.878750
